0,2021-03-02 13:57:12,₹210.20,₹91.40,"₹2,103.30","₹1,560.00",₹919.50
0,2021-03-02 13:57:16,₹210.20,₹91.40,"₹2,103.30","₹1,560.00",₹919.50
0,2021-03-02 13:57:20,₹210.20,₹91.40,"₹2,103.30","₹1,560.00",₹919.50
0,2021-03-02 13:57:22,₹210.20,₹91.40,"₹2,103.30","₹1,560.00",₹919.50
0,2021-03-02 13:57:25,₹210.20,₹91.40,"₹2,103.30","₹1,560.00",₹919.50
0,2021-03-02 13:57:26,₹210.20,₹91.40,"₹2,103.30","₹1,560.00",₹919.50
0,2021-03-02 13:57:29,₹210.20,₹91.40,"₹2,103.30","₹1,560.00",₹919.50
0,2021-03-02 13:57:31,₹210.20,₹91.40,"₹2,103.30","₹1,560.00",₹919.50
0,2021-03-02 13:57:33,₹210.20,₹91.40,"₹2,103.30","₹1,560.00",₹919.50
0,2021-03-02 13:57:35,₹210.20,₹91.40,"₹2,103.30","₹1,560.00",₹919.50
0,2021-03-02 13:57:38,₹210.20,₹91.40,"₹2,103.30","₹1,560.00",₹919.50
0,2021-03-02 13:57:39,₹210.20,₹91.40,"₹2,103.30","₹1,560.00",₹919.50
0,2021-03-02 13:57:42,₹210.20,₹91.40,"₹2,103.30","₹1,560.00",₹919.50
0,2021-03-02 13:57:43,₹210.20,₹91.40,"₹2,103.30","₹1,560.00",₹919.50
0,2021-03-02 13:57:46,₹210.20,₹91.40,"₹2,103.30","₹1,560.00",₹919.50
0,2021-03-02 13:57:48,₹210.20,₹91.40,"₹2,103.30","₹1,560.00",₹919.50
0,2021-03-02 13:57:50,₹210.20,₹91.40,"₹2,103.30","₹1,560.00",₹919.50
0,2021-03-02 13:57:52,₹210.20,₹91.40,"₹2,103.30","₹1,560.00",₹919.50
0,2021-03-02 13:57:54,₹210.20,₹91.40,"₹2,103.30","₹1,560.00",₹919.50
0,2021-03-02 13:57:57,₹210.20,₹91.40,"₹2,103.30","₹1,560.00",₹919.50
0,2021-03-02 13:57:58,₹210.20,₹91.40,"₹2,103.30","₹1,560.00",₹919.50
0,2021-03-02 13:58:01,₹210.20,₹91.40,"₹2,103.30","₹1,560.00",₹919.50
0,2021-03-02 13:58:02,₹210.20,₹91.40,"₹2,103.30","₹1,560.00",₹919.50
0,2021-03-02 13:58:06,₹210.20,₹91.40,"₹2,103.30","₹1,560.00",₹919.50
0,2021-03-02 13:58:06,₹210.20,₹91.40,"₹2,103.30","₹1,560.00",₹919.50
0,2021-03-02 13:58:10,₹210.20,₹91.40,"₹2,103.30","₹1,560.00",₹919.40
0,2021-03-02 13:58:10,₹210.20,₹91.40,"₹2,103.30","₹1,560.00",₹919.40
0,2021-03-02 13:58:14,₹210.20,₹91.40,"₹2,103.30","₹1,560.00",₹919.40
0,2021-03-02 13:58:15,₹210.20,₹91.40,"₹2,103.30","₹1,560.00",₹919.40
0,2021-03-02 13:58:18,₹210.20,₹91.40,"₹2,103.30","₹1,560.00",₹919.40
0,2021-03-02 13:58:19,₹210.20,₹91.40,"₹2,103.30","₹1,560.00",₹919.40
0,2021-03-02 13:58:22,₹210.20,₹91.40,"₹2,103.30","₹1,560.00",₹919.40
0,2021-03-02 13:58:24,₹210.20,₹91.40,"₹2,103.30","₹1,560.00",₹919.40
0,2021-03-02 13:58:26,₹210.20,₹91.40,"₹2,103.30","₹1,560.00",₹919.40
0,2021-03-02 13:58:28,₹210.20,₹91.40,"₹2,103.30","₹1,560.00",₹919.40
0,2021-03-02 13:58:31,₹210.20,₹91.40,"₹2,103.30","₹1,560.00",₹919.40
0,2021-03-02 13:58:33,₹210.20,₹91.40,"₹2,103.30","₹1,560.00",₹919.40
0,2021-03-02 13:58:36,₹210.20,₹91.40,"₹2,103.30","₹1,560.00",₹919.40
0,2021-03-02 13:58:36,₹210.20,₹91.40,"₹2,103.30","₹1,560.00",₹919.40
0,2021-03-02 13:58:40,₹210.20,₹91.40,"₹2,103.30","₹1,560.00",₹919.40
0,2021-03-02 13:58:40,₹210.20,₹91.40,"₹2,103.30","₹1,560.00",₹919.40
0,2021-03-02 13:58:44,₹210.20,₹91.40,"₹2,103.30","₹1,560.00",₹919.40
0,2021-03-02 13:58:44,₹210.20,₹91.40,"₹2,103.30","₹1,560.00",₹919.40
0,2021-03-02 13:58:48,₹210.20,₹91.40,"₹2,100.70","₹1,560.00",₹919.40
0,2021-03-02 13:58:48,₹210.20,₹91.40,"₹2,100.70","₹1,560.00",₹919.40
0,2021-03-02 13:58:52,₹210.20,₹91.40,"₹2,103.30","₹1,560.00",₹919.40
0,2021-03-02 13:58:52,₹210.20,₹91.40,"₹2,100.70","₹1,560.00",₹919.40
0,2021-03-02 13:58:55,₹210.20,₹91.40,"₹2,100.70","₹1,560.00",₹919.40
0,2021-03-02 13:58:57,₹210.20,₹91.40,"₹2,103.30","₹1,560.00",₹919.40
0,2021-03-02 13:59:00,₹210.20,₹91.40,"₹2,103.30","₹1,560.00",₹919.40
0,2021-03-02 13:59:00,₹210.20,₹91.40,"₹2,103.30","₹1,560.00",₹919.40
0,2021-03-02 13:59:05,₹210.20,₹91.40,"₹2,103.30","₹1,560.00",₹919.40
0,2021-03-02 13:59:05,₹210.20,₹91.40,"₹2,100.70","₹1,560.00",₹919.40
0,2021-03-02 13:59:08,₹210.20,₹91.40,"₹2,100.70","₹1,560.00",₹919.40
0,2021-03-02 13:59:09,₹210.20,₹91.40,"₹2,100.70","₹1,560.00",₹919.40
0,2021-03-02 13:59:13,₹210.20,₹91.40,"₹2,100.70","₹1,560.00",₹919.40
0,2021-03-02 13:59:13,₹210.20,₹91.40,"₹2,100.70","₹1,560.00",₹919.40
0,2021-03-02 13:59:17,₹210.20,₹91.40,"₹2,100.70","₹1,560.00",₹919.40
0,2021-03-02 13:59:17,₹210.20,₹91.40,"₹2,100.70","₹1,560.00",₹919.40
0,2021-03-02 13:59:21,₹210.20,₹91.40,"₹2,100.70","₹1,560.00",₹919.40
0,2021-03-02 13:59:21,₹210.20,₹91.40,"₹2,100.70","₹1,560.00",₹919.40
0,2021-03-02 13:59:25,₹210.20,₹91.40,"₹2,100.70","₹1,560.00",₹919.40
0,2021-03-02 13:59:25,₹210.20,₹91.40,"₹2,100.70","₹1,560.00",₹919.40
0,2021-03-02 13:59:29,₹210.20,₹91.40,"₹2,100.70","₹1,560.00",₹919.40
0,2021-03-02 13:59:29,₹210.20,₹91.40,"₹2,100.70","₹1,560.00",₹919.40
0,2021-03-02 13:59:33,₹210.20,₹91.40,"₹2,100.70","₹1,560.00",₹919.40
0,2021-03-02 13:59:34,₹210.20,₹91.40,"₹2,100.70","₹1,560.00",₹919.40
0,2021-03-02 13:59:37,₹210.20,₹91.40,"₹2,103.30","₹1,560.00",₹919.40
0,2021-03-02 13:59:38,₹210.20,₹91.40,"₹2,100.70","₹1,560.00",₹919.40
0,2021-03-02 13:59:41,₹210.20,₹91.40,"₹2,100.70","₹1,560.00",₹919.40
0,2021-03-02 13:59:42,₹210.20,₹91.40,"₹2,100.70","₹1,560.00",₹919.40
0,2021-03-02 13:59:45,₹210.20,₹91.40,"₹2,100.70","₹1,560.00",₹919.40
0,2021-03-02 13:59:46,₹210.20,₹91.40,"₹2,100.70","₹1,560.00",₹919.40
0,2021-03-02 13:59:49,₹210.20,₹91.40,"₹2,100.70","₹1,560.00",₹919.40
0,2021-03-02 13:59:49,₹210.20,₹91.40,"₹2,100.70","₹1,560.00",₹919.40
0,2021-03-02 13:59:54,₹210.20,₹91.40,"₹2,100.70","₹1,560.00",₹919.40
0,2021-03-02 13:59:54,₹210.20,₹91.40,"₹2,100.70","₹1,560.00",₹919.40
0,2021-03-02 13:59:58,₹210.20,₹91.40,"₹2,100.70","₹1,560.00",₹919.40
0,2021-03-02 13:59:58,₹210.20,₹91.40,"₹2,100.70","₹1,560.00",₹919.40
0,2021-03-02 14:00:02,₹210.20,₹91.40,"₹2,100.70","₹1,560.00",₹919.40
0,2021-03-02 14:00:02,₹210.20,₹91.40,"₹2,100.70","₹1,560.00",₹919.40
0,2021-03-02 14:00:05,₹210.20,₹91.40,"₹2,100.70","₹1,560.00",₹919.40
0,2021-03-02 14:00:06,₹210.20,₹91.40,"₹2,100.70","₹1,560.00",₹919.40
0,2021-03-02 14:00:10,₹210.20,₹91.40,"₹2,100.70","₹1,560.00",₹919.40
0,2021-03-02 14:00:11,₹210.20,₹91.40,"₹2,100.70","₹1,560.00",₹919.40
0,2021-03-02 14:00:13,₹210.20,₹91.40,"₹2,100.70","₹1,560.00",₹919.40
0,2021-03-02 14:00:15,₹210.20,₹91.40,"₹2,100.70","₹1,560.00",₹919.40
0,2021-03-02 14:00:17,₹210.20,₹91.40,"₹2,100.70","₹1,560.00",₹919.40
0,2021-03-02 14:00:19,₹210.20,₹91.40,"₹2,100.70","₹1,560.00",₹919.40
0,2021-03-02 14:00:22,₹210.20,₹91.40,"₹2,100.70","₹1,560.00",₹919.40
0,2021-03-02 14:00:24,₹210.20,₹91.40,"₹2,100.70","₹1,560.00",₹919.40
0,2021-03-02 14:00:26,₹210.20,₹91.40,"₹2,100.70","₹1,560.00",₹919.40
0,2021-03-02 14:00:28,₹210.20,₹91.40,"₹2,100.70","₹1,560.00",₹919.40
0,2021-03-02 14:00:31,₹210.20,₹91.40,"₹2,100.70","₹1,560.00",₹919.40
0,2021-03-02 14:00:31,₹210.20,₹91.40,"₹2,100.70","₹1,560.00",₹919.40
0,2021-03-02 14:00:34,₹210.20,₹91.40,"₹2,100.70","₹1,560.00",₹919.40
0,2021-03-02 14:00:35,₹210.20,₹91.40,"₹2,100.70","₹1,560.00",₹919.40
0,2021-03-02 14:00:37,₹210.20,₹91.10,"₹2,100.70","₹1,560.00",₹919.40
0,2021-03-02 14:00:39,₹210.20,₹91.10,"₹2,100.70","₹1,560.00",₹919.40
0,2021-03-02 14:00:42,₹210.20,₹91.10,"₹2,100.70","₹1,560.00",₹919.40
0,2021-03-02 14:00:42,₹210.20,₹91.10,"₹2,100.70","₹1,560.00",₹919.40
0,2021-03-02 14:00:45,₹210.20,₹91.10,"₹2,100.70","₹1,560.00",₹919.40
0,2021-03-02 14:00:46,₹210.20,₹91.10,"₹2,100.70","₹1,560.00",₹919.40
0,2021-03-02 14:00:49,₹210.20,₹91.10,"₹2,100.70","₹1,560.00",₹919.40
0,2021-03-02 14:00:49,₹210.20,₹91.10,"₹2,100.70","₹1,560.00",₹919.40
0,2021-03-02 14:00:52,₹210.20,₹91.10,"₹2,100.70","₹1,560.00",₹919.40
0,2021-03-02 14:00:53,₹210.20,₹91.10,"₹2,100.70","₹1,560.00",₹919.40
0,2021-03-02 14:00:56,₹210.20,₹91.10,"₹2,100.70","₹1,560.00",₹919.40
0,2021-03-02 14:00:56,₹210.20,₹91.10,"₹2,100.70","₹1,560.00",₹919.40
0,2021-03-02 14:01:00,₹210.20,₹91.10,"₹2,100.70","₹1,560.00",₹919.40
0,2021-03-02 14:00:59,₹210.20,₹91.10,"₹2,100.70","₹1,560.00",₹919.40
0,2021-03-02 14:01:03,₹210.20,₹91.10,"₹2,100.70","₹1,560.00",₹919.40
0,2021-03-02 14:01:04,₹210.20,₹91.10,"₹2,100.70","₹1,560.00",₹919.40
0,2021-03-02 14:01:07,₹210.20,₹91.10,"₹2,100.70","₹1,560.00",₹919.40
0,2021-03-02 14:01:08,₹210.20,₹91.10,"₹2,100.70","₹1,560.00",₹919.40
0,2021-03-02 14:01:11,₹210.20,₹91.10,"₹2,100.70","₹1,560.00",₹919.40
0,2021-03-02 14:01:12,₹210.20,₹91.10,"₹2,100.70","₹1,560.00",₹919.40
0,2021-03-02 14:01:14,₹210.20,₹91.10,"₹2,100.70","₹1,560.00",₹919.40
0,2021-03-02 14:01:16,₹210.20,₹91.10,"₹2,100.70","₹1,560.00",₹919.40
0,2021-03-02 14:01:18,₹210.20,₹91.10,"₹2,100.70","₹1,560.00",₹919.40
0,2021-03-02 14:01:20,₹210.20,₹91.40,"₹2,100.70","₹1,560.00",₹919.40
0,2021-03-02 14:01:21,₹210.20,₹91.10,"₹2,100.70","₹1,560.00",₹919.40
0,2021-03-02 14:01:24,₹210.20,₹91.10,"₹2,100.70","₹1,560.00",₹919.40
0,2021-03-02 14:01:25,₹210.20,₹91.10,"₹2,100.70","₹1,560.00",₹919.40
0,2021-03-02 14:01:27,₹210.20,₹91.10,"₹2,100.70","₹1,560.00",₹919.40
0,2021-03-02 14:01:29,₹210.20,₹91.10,"₹2,100.70","₹1,560.00",₹919.40
0,2021-03-02 14:01:31,₹210.20,₹91.10,"₹2,100.70","₹1,560.00",₹919.40
0,2021-03-02 14:01:33,₹210.20,₹91.10,"₹2,100.70","₹1,560.00",₹919.40
0,2021-03-02 14:01:34,₹210.20,₹91.10,"₹2,100.70","₹1,560.00",₹919.40
0,2021-03-02 14:01:37,₹210.20,₹91.10,"₹2,100.70","₹1,560.00",₹919.40
0,2021-03-02 14:01:38,₹210.20,₹91.10,"₹2,100.70","₹1,560.00",₹919.40
0,2021-03-02 14:01:42,₹210.20,₹91.10,"₹2,100.70","₹1,560.00",₹919.40
0,2021-03-02 14:01:42,₹210.20,₹91.10,"₹2,100.70","₹1,560.00",₹919.40
0,2021-03-02 14:01:46,₹210.20,₹91.10,"₹2,100.70","₹1,560.00",₹919.40
0,2021-03-02 14:01:46,₹210.20,₹91.10,"₹2,100.70","₹1,559.30",₹919.40
0,2021-03-02 14:01:49,₹210.20,₹91.10,"₹2,100.70","₹1,560.00",₹919.40
0,2021-03-02 14:01:49,₹210.20,₹91.10,"₹2,100.70","₹1,559.30",₹919.40
0,2021-03-02 14:01:53,₹210.20,₹91.10,"₹2,100.70","₹1,559.30",₹919.40
0,2021-03-02 14:01:53,₹210.20,₹91.10,"₹2,100.70","₹1,559.30",₹919.40
0,2021-03-02 14:01:56,₹210.20,₹91.10,"₹2,100.70","₹1,559.30",₹919.40
0,2021-03-02 14:01:57,₹210.20,₹91.10,"₹2,100.70","₹1,559.30",₹918.50
0,2021-03-02 14:02:00,₹210.20,₹91.10,"₹2,100.70","₹1,559.30",₹918.50
0,2021-03-02 14:02:01,₹210.20,₹91.10,"₹2,100.70","₹1,559.30",₹918.50
0,2021-03-02 14:02:04,₹210.20,₹91.10,"₹2,100.70","₹1,559.30",₹918.50
0,2021-03-02 14:02:04,₹210.20,₹91.10,"₹2,100.70","₹1,559.30",₹918.50
0,2021-03-02 14:02:08,₹210.20,₹91.10,"₹2,100.70","₹1,559.30",₹918.50
0,2021-03-02 14:02:09,₹210.20,₹91.10,"₹2,100.70","₹1,559.30",₹918.50
0,2021-03-02 14:02:12,₹210.20,₹91.40,"₹2,100.70","₹1,559.30",₹918.50
0,2021-03-02 14:02:13,₹210.20,₹91.10,"₹2,100.70","₹1,559.30",₹918.50
0,2021-03-02 14:02:16,₹210.20,₹91.10,"₹2,100.70","₹1,559.30",₹918.50
0,2021-03-02 14:02:17,₹210.10,₹91.10,"₹2,100.70","₹1,559.30",₹919.40
0,2021-03-02 14:02:19,₹210.10,₹91.10,"₹2,100.70","₹1,559.30",₹919.40
0,2021-03-02 14:02:21,₹210.10,₹91.10,"₹2,100.70","₹1,559.30",₹918.50
0,2021-03-02 14:02:23,₹210.10,₹91.10,"₹2,100.70","₹1,559.30",₹918.50
0,2021-03-02 14:02:24,₹210.10,₹91.10,"₹2,100.70","₹1,559.30",₹918.50
0,2021-03-02 14:02:26,₹210.10,₹91.10,"₹2,100.70","₹1,559.30",₹918.50
0,2021-03-02 14:02:27,₹210.10,₹91.10,"₹2,100.70","₹1,559.30",₹918.50
0,2021-03-02 14:02:30,₹210.10,₹91.10,"₹2,100.70","₹1,559.30",₹918.50
0,2021-03-02 14:02:31,₹210.10,₹91.10,"₹2,100.70","₹1,559.30",₹918.50
0,2021-03-02 14:02:34,₹210.10,₹91.10,"₹2,100.70","₹1,559.30",₹918.50
0,2021-03-02 14:02:34,₹210.10,₹91.10,"₹2,100.70","₹1,559.30",₹918.50
0,2021-03-02 14:02:38,₹210.10,₹91.10,"₹2,100.70","₹1,559.30",₹918.50
0,2021-03-02 14:02:39,₹210.10,₹91.10,"₹2,100.70","₹1,559.30",₹918.50
0,2021-03-02 14:02:42,₹210.10,₹91.10,"₹2,100.70","₹1,559.30",₹918.50
0,2021-03-02 14:02:42,₹210.10,₹91.10,"₹2,100.70","₹1,559.30",₹918.50
0,2021-03-02 14:02:45,₹210.10,₹91.10,"₹2,100.70","₹1,559.30",₹918.50
0,2021-03-02 14:02:46,₹210.10,₹91.10,"₹2,100.70","₹1,559.30",₹918.50
0,2021-03-02 14:02:49,₹210.10,₹91.10,"₹2,100.70","₹1,559.30",₹918.50
0,2021-03-02 14:02:50,₹210.10,₹91.10,"₹2,103.30","₹1,560.00",₹918.50
0,2021-03-02 14:02:53,₹210.10,₹91.10,"₹2,100.70","₹1,559.30",₹918.50
0,2021-03-02 14:02:54,₹210.10,₹91.10,"₹2,100.70","₹1,559.30",₹918.50
0,2021-03-02 14:02:56,₹210.10,₹91.10,"₹2,100.70","₹1,559.30",₹918.50
0,2021-03-02 14:02:57,₹210.10,₹91.10,"₹2,100.70","₹1,559.30",₹918.50
0,2021-03-02 14:03:00,₹210.10,₹91.10,"₹2,100.70","₹1,559.30",₹918.50
0,2021-03-02 14:03:00,₹210.10,₹91.10,"₹2,100.70","₹1,559.30",₹918.50
0,2021-03-02 14:03:03,₹210.10,₹91.10,"₹2,100.70","₹1,559.30",₹918.50
0,2021-03-02 14:03:04,₹210.10,₹91.10,"₹2,100.70","₹1,559.30",₹918.50
0,2021-03-02 14:03:07,₹210.10,₹91.10,"₹2,100.70","₹1,559.30",₹918.50
0,2021-03-02 14:03:08,₹210.10,₹91.10,"₹2,100.70","₹1,559.30",₹918.50
0,2021-03-02 14:03:10,₹210.10,₹91.10,"₹2,100.70","₹1,559.30",₹919.40
0,2021-03-02 14:03:12,₹210.10,₹91.10,"₹2,100.70","₹1,559.30",₹918.50
0,2021-03-02 14:03:14,₹210.10,₹91.10,"₹2,100.70","₹1,560.00",₹918.50
0,2021-03-02 14:03:15,₹210.10,₹91.50,"₹2,100.70","₹1,559.30",₹918.50
0,2021-03-02 14:03:17,₹210.10,₹91.50,"₹2,096.90","₹1,559.30",₹918.50
0,2021-03-02 14:03:19,₹210.10,₹91.50,"₹2,096.90","₹1,559.30",₹918.50
0,2021-03-02 14:03:20,₹210.10,₹91.40,"₹2,096.90","₹1,559.30",₹918.50
0,2021-03-02 14:03:22,₹210.10,₹91.50,"₹2,096.90","₹1,559.30",₹918.50
0,2021-03-02 14:03:24,₹210.10,₹91.50,"₹2,096.90","₹1,559.30",₹918.50
0,2021-03-02 14:03:26,₹210.10,₹91.50,"₹2,096.90","₹1,559.30",₹918.50
0,2021-03-02 14:03:28,₹210.10,₹91.50,"₹2,096.90","₹1,559.30",₹918.50
0,2021-03-02 14:03:30,₹210.10,₹91.10,"₹2,096.90","₹1,559.30",₹918.50
0,2021-03-02 14:03:31,₹210.10,₹91.50,"₹2,096.90","₹1,559.30",₹918.50
0,2021-03-02 14:03:33,₹210.10,₹91.50,"₹2,096.90","₹1,559.30",₹918.50
0,2021-03-02 14:03:34,₹210.10,₹91.50,"₹2,096.90","₹1,559.30",₹918.50
0,2021-03-02 14:03:36,₹210.10,₹91.50,"₹2,096.55","₹1,559.30",₹918.50
0,2021-03-02 14:03:37,₹210.10,₹91.50,"₹2,096.90","₹1,559.30",₹918.50
0,2021-03-02 14:03:39,₹210.10,₹91.50,"₹2,096.55","₹1,559.30",₹918.50
0,2021-03-02 14:03:40,₹210.10,₹91.50,"₹2,096.55","₹1,559.30",₹918.50
0,2021-03-02 14:03:42,₹210.10,₹91.50,"₹2,096.55","₹1,559.30",₹918.50
0,2021-03-02 14:03:43,₹210.10,₹91.50,"₹2,096.55","₹1,560.00",₹918.50
0,2021-03-02 14:03:45,₹210.10,₹91.50,"₹2,096.55","₹1,559.30",₹918.50
0,2021-03-02 14:03:46,₹210.10,₹91.50,"₹2,096.55","₹1,559.30",₹918.50
0,2021-03-02 14:03:48,₹210.10,₹91.50,"₹2,096.55","₹1,559.30",₹918.50
0,2021-03-02 14:03:49,₹210.10,₹91.10,"₹2,096.55","₹1,559.30",₹919.40
0,2021-03-02 14:03:51,₹210.10,₹91.50,"₹2,096.55","₹1,560.90",₹918.50
0,2021-03-02 14:03:52,₹210.10,₹91.50,"₹2,096.90","₹1,560.90",₹918.50
0,2021-03-02 14:03:55,₹210.10,₹91.50,"₹2,096.55","₹1,560.90",₹918.50
0,2021-03-02 14:03:55,₹210.10,₹91.50,"₹2,096.55","₹1,560.90",₹918.50
0,2021-03-02 14:03:58,₹210.10,₹91.50,"₹2,096.55","₹1,560.90",₹918.50
0,2021-03-02 14:03:58,₹210.10,₹91.50,"₹2,096.55","₹1,560.90",₹918.50
0,2021-03-02 14:04:01,₹210.10,₹91.50,"₹2,096.55","₹1,560.90",₹918.50
0,2021-03-02 14:04:05,₹210.05,₹91.50,"₹2,096.55","₹1,560.90",₹918.50
0,2021-03-02 14:04:08,₹210.05,₹91.50,"₹2,096.55","₹1,560.90",₹918.50
0,2021-03-02 14:04:10,₹210.05,₹91.50,"₹2,096.55","₹1,560.90",₹918.50
0,2021-03-02 14:04:13,₹210.05,₹91.50,"₹2,096.55","₹1,560.00",₹918.50
0,2021-03-02 14:04:16,₹210.05,₹91.50,"₹2,096.55","₹1,560.90",₹918.50
0,2021-03-02 14:04:19,₹210.05,₹91.50,"₹2,096.55","₹1,560.90",₹918.50
0,2021-03-02 14:04:22,₹210.05,₹91.50,"₹2,096.55","₹1,560.90",₹918.50
0,2021-03-02 14:04:25,₹210.05,₹91.50,"₹2,096.55","₹1,562.10",₹918.50
0,2021-03-02 14:04:28,₹210.05,₹91.50,"₹2,096.55","₹1,562.10",₹918.50
0,2021-03-02 14:04:31,₹210.05,₹91.50,"₹2,096.55","₹1,562.10",₹918.50
0,2021-03-02 14:04:34,₹210.05,₹91.50,"₹2,096.55","₹1,562.10",₹918.50
0,2021-03-02 14:04:37,₹210.05,₹91.50,"₹2,096.55","₹1,562.10",₹918.50
0,2021-03-02 14:04:40,₹210.05,₹91.50,"₹2,096.55","₹1,562.10",₹918.50
0,2021-03-02 14:04:43,₹210.05,₹91.50,"₹2,096.55","₹1,562.10",₹918.50
0,2021-03-02 14:04:46,₹210.20,₹91.50,"₹2,096.55","₹1,562.10",₹918.50
0,2021-03-02 14:04:49,₹210.20,₹91.50,"₹2,096.55","₹1,562.10",₹919.40
0,2021-03-02 14:04:52,₹210.05,₹91.50,"₹2,096.55","₹1,562.10",₹918.50
0,2021-03-02 14:04:55,₹210.05,₹91.50,"₹2,096.55","₹1,562.10",₹918.50
0,2021-03-02 14:04:59,₹210.05,₹91.50,"₹2,096.55","₹1,562.10",₹918.50
0,2021-03-02 14:05:01,₹210.05,₹91.50,"₹2,096.55","₹1,562.10",₹918.50
0,2021-03-02 14:05:05,₹210.05,₹91.50,"₹2,096.55","₹1,562.10",₹918.50
0,2021-03-02 14:05:07,₹210.05,₹91.50,"₹2,096.55","₹1,562.10",₹918.50
0,2021-03-02 14:05:10,₹210.05,₹91.50,"₹2,096.55","₹1,562.10",₹918.50
0,2021-03-02 14:05:13,₹210.05,₹91.50,"₹2,096.55","₹1,562.10",₹918.50
0,2021-03-02 14:05:16,₹210.05,₹91.50,"₹2,096.55","₹1,562.10",₹918.50
0,2021-03-02 14:05:19,₹210.05,₹91.50,"₹2,096.55","₹1,562.10",₹918.50
0,2021-03-02 14:05:22,₹210.05,₹91.50,"₹2,096.55","₹1,562.10",₹918.50
0,2021-03-02 14:05:25,₹210.05,₹91.50,"₹2,100.70","₹1,562.10",₹918.50
0,2021-03-02 14:05:28,₹210.05,₹91.50,"₹2,096.55","₹1,560.00",₹918.50
0,2021-03-02 14:05:31,₹210.05,₹91.50,"₹2,096.55","₹1,562.10",₹918.50
0,2021-03-02 14:05:34,₹210.05,₹91.50,"₹2,096.55","₹1,562.10",₹918.50
0,2021-03-02 14:05:37,₹210.05,₹91.50,"₹2,096.55","₹1,562.10",₹918.50
0,2021-03-02 14:05:39,₹210.05,₹91.50,"₹2,096.55","₹1,562.10",₹918.50
0,2021-03-02 14:05:42,₹210.05,₹91.50,"₹2,096.55","₹1,562.10",₹918.50
0,2021-03-02 14:05:45,₹210.05,₹91.50,"₹2,096.55","₹1,562.10",₹918.50
0,2021-03-02 14:05:48,₹210.05,₹91.50,"₹2,096.55","₹1,562.10",₹918.50
0,2021-03-02 14:05:52,₹210.05,₹91.50,"₹2,096.55","₹1,562.10",₹918.50
0,2021-03-02 14:05:56,₹210.05,₹91.50,"₹2,096.55","₹1,562.10",₹918.50
0,2021-03-02 14:06:00,₹210.05,₹91.50,"₹2,096.55","₹1,562.10",₹918.50
0,2021-03-02 14:06:05,₹210.05,₹91.50,"₹2,096.55","₹1,562.10",₹928.60
0,2021-03-02 14:06:09,₹210.05,₹91.50,"₹2,096.55","₹1,562.10",₹928.60
0,2021-03-02 14:06:13,₹210.05,₹91.40,"₹2,096.55","₹1,562.10",₹928.60
0,2021-03-02 14:06:17,₹210.05,₹91.50,"₹2,096.55","₹1,562.10",₹928.60
0,2021-03-02 14:06:23,₹210.05,₹91.50,"₹2,096.55","₹1,562.10",₹928.60
0,2021-03-02 14:06:27,₹210.05,₹91.50,"₹2,096.55","₹1,562.10",₹928.60
0,2021-03-02 14:06:31,₹210.05,₹91.50,"₹2,096.55","₹1,562.10",₹928.60
0,2021-03-02 14:06:35,₹210.05,₹91.50,"₹2,096.55","₹1,562.10",₹928.60
0,2021-03-02 14:06:40,₹210.05,₹91.50,"₹2,096.55","₹1,562.10",₹928.60
0,2021-03-02 14:06:44,₹210.05,₹91.50,"₹2,096.55","₹1,562.10",₹928.60
0,2021-03-02 14:06:49,₹210.05,₹91.50,"₹2,093.60","₹1,562.10",₹928.60
0,2021-03-02 14:06:52,₹210.05,₹91.50,"₹2,093.60","₹1,562.10",₹928.60
0,2021-03-02 14:06:56,₹210.05,₹91.50,"₹2,093.60","₹1,562.10",₹928.60
0,2021-03-02 14:07:01,₹210.05,₹91.50,"₹2,093.60","₹1,562.10",₹928.60
0,2021-03-02 14:07:04,₹210.05,₹91.50,"₹2,093.60","₹1,562.10",₹928.60
0,2021-03-02 14:07:09,₹210.05,₹91.50,"₹2,093.60","₹1,562.10",₹928.60
0,2021-03-02 14:07:13,₹210.05,₹91.50,"₹2,093.60","₹1,562.10",₹928.60
0,2021-03-02 14:07:17,₹210.05,₹91.50,"₹2,093.60","₹1,562.10",₹928.60
0,2021-03-02 14:07:21,₹210.05,₹91.50,"₹2,093.60","₹1,562.10",₹928.60
0,2021-03-02 14:07:25,₹210.05,₹91.50,"₹2,093.60","₹1,562.10",₹928.60
0,2021-03-02 14:07:30,₹210.05,₹91.50,"₹2,093.60","₹1,562.10",₹928.60
0,2021-03-02 14:07:34,₹210.05,₹91.50,"₹2,093.60","₹1,562.10",₹928.60
0,2021-03-22 18:33:04,₹226.00,₹79.00,"₹2,061.00","₹1,474.00",₹899.00
0,2021-03-22 18:33:08,₹226.00,₹79.00,"₹2,061.00","₹1,474.00",₹899.00
0,2021-03-22 18:33:12,₹226.00,₹79.00,"₹2,061.00","₹1,474.00",₹899.00
0,2021-03-22 18:33:14,₹226.00,₹79.00,"₹2,061.00","₹1,474.00",₹899.00
0,2021-03-22 18:33:16,₹226.00,₹79.00,"₹2,061.00","₹1,474.00",₹899.00
0,2021-03-22 18:33:19,₹226.00,₹79.00,"₹2,061.00","₹1,474.00",₹899.00
0,2021-03-22 18:33:19,₹226.00,₹79.00,"₹2,061.00","₹1,474.00",₹899.00
0,2021-03-22 18:33:23,₹226.00,₹79.00,"₹2,061.00","₹1,474.00",₹899.00
0,2021-03-22 18:33:23,₹226.00,₹79.00,"₹2,061.00","₹1,474.00",₹899.00
0,2021-03-22 18:33:26,₹226.00,₹79.00,"₹2,061.00","₹1,474.00",₹899.00
0,2021-03-22 18:33:27,₹226.00,₹79.00,"₹2,061.00","₹1,474.00",₹899.00
0,2021-03-22 18:33:29,₹226.00,₹79.00,"₹2,061.00","₹1,474.00",₹899.00
0,2021-03-22 18:33:32,₹226.00,₹79.00,"₹2,061.00","₹1,474.00",₹899.00
0,2021-03-22 18:33:33,₹226.00,₹79.00,"₹2,061.00","₹1,474.00",₹899.00
0,2021-03-22 18:33:35,₹226.00,₹79.00,"₹2,061.00","₹1,474.00",₹899.00
0,2021-03-22 18:33:37,₹226.00,₹79.00,"₹2,061.00","₹1,474.00",₹899.00
0,2021-03-22 18:33:39,₹226.00,₹79.00,"₹2,061.00","₹1,474.00",₹899.00
0,2021-03-22 18:33:39,₹226.00,₹79.00,"₹2,061.00","₹1,474.00",₹899.00
0,2021-03-22 18:33:41,₹226.00,₹79.00,"₹2,061.00","₹1,474.00",₹899.00
0,2021-03-22 18:33:43,₹226.00,₹79.00,"₹2,061.00","₹1,474.00",₹899.00
0,2021-03-22 18:33:43,₹226.00,₹79.00,"₹2,061.00","₹1,474.00",₹899.00
0,2021-03-22 18:33:45,₹226.00,₹79.00,"₹2,061.00","₹1,474.00",₹899.00
0,2021-03-22 18:33:46,₹226.00,₹79.00,"₹2,061.00","₹1,474.00",₹899.00
0,2021-03-22 18:33:47,₹226.00,₹79.00,"₹2,061.00","₹1,474.00",₹899.00
0,2021-03-22 18:33:49,₹226.00,₹79.00,"₹2,061.00","₹1,474.00",₹899.00
0,2021-03-22 18:33:50,₹226.00,₹79.00,"₹2,061.00","₹1,474.00",₹899.00
0,2021-03-22 18:33:50,₹226.00,₹79.00,"₹2,061.00","₹1,474.00",₹899.00
0,2021-03-22 18:33:53,₹226.00,₹79.00,"₹2,061.00","₹1,474.00",₹899.00
0,2021-03-22 18:33:54,₹226.00,₹79.00,"₹2,061.00","₹1,474.00",₹899.00
0,2021-03-22 18:33:54,₹226.00,₹79.00,"₹2,061.00","₹1,474.00",₹899.00
0,2021-03-22 18:33:56,₹226.00,₹79.00,"₹2,061.00","₹1,474.00",₹899.00
0,2021-03-22 18:33:58,₹226.00,₹79.00,"₹2,061.00","₹1,474.00",₹899.00
0,2021-03-22 18:33:58,₹226.00,₹79.00,"₹2,061.00","₹1,474.00",₹899.00
0,2021-03-22 18:34:00,₹226.00,₹79.00,"₹2,061.00","₹1,474.00",₹899.00
0,2021-03-22 18:34:02,₹226.00,₹79.00,"₹2,061.00","₹1,474.00",₹899.00
0,2021-03-22 18:34:02,₹226.00,₹79.00,"₹2,061.00","₹1,474.00",₹899.00
0,2021-03-22 18:34:04,₹226.00,₹79.00,"₹2,061.00","₹1,474.00",₹899.00
0,2021-03-22 18:34:05,₹226.00,₹79.00,"₹2,061.00","₹1,474.00",₹899.00
0,2021-03-22 18:34:06,₹226.00,₹79.00,"₹2,061.00","₹1,474.00",₹899.00
0,2021-03-22 18:34:09,₹226.00,₹79.00,"₹2,061.00","₹1,474.00",₹899.00
0,2021-03-22 18:34:10,₹226.00,₹79.00,"₹2,061.00","₹1,474.00",₹899.00
0,2021-03-22 18:34:13,₹226.00,₹79.00,"₹2,061.00","₹1,474.00",₹899.00
0,2021-03-22 18:34:14,₹226.00,₹79.00,"₹2,061.00","₹1,474.00",₹899.00
0,2021-03-22 18:34:17,₹226.00,₹79.00,"₹2,061.00","₹1,474.00",₹899.00
0,2021-03-22 18:34:17,₹226.00,₹79.00,"₹2,061.00","₹1,474.00",₹899.00
0,2021-03-22 18:34:20,₹226.00,₹79.00,"₹2,061.00","₹1,474.00",₹899.00
0,2021-03-22 18:34:21,₹226.00,₹79.00,"₹2,061.00","₹1,474.00",₹899.00
0,2021-03-22 18:34:23,₹226.00,₹79.00,"₹2,061.00","₹1,474.00",₹899.00
0,2021-03-22 18:34:25,₹226.00,₹79.00,"₹2,061.00","₹1,474.00",₹899.00
0,2021-03-22 18:34:27,₹226.00,₹79.00,"₹2,061.00","₹1,474.00",₹899.00
0,2021-03-22 18:34:28,₹226.00,₹79.00,"₹2,061.00","₹1,474.00",₹899.00
0,2021-03-22 18:34:31,₹226.00,₹79.00,"₹2,061.00","₹1,474.00",₹899.00
0,2021-03-22 18:34:32,₹226.00,₹79.00,"₹2,061.00","₹1,474.00",₹899.00
0,2021-03-22 18:34:35,₹226.00,₹79.00,"₹2,061.00","₹1,474.00",₹899.00
0,2021-03-22 18:34:36,₹226.00,₹79.00,"₹2,061.00","₹1,474.00",₹899.00
0,2021-03-22 18:34:38,₹226.00,₹79.00,"₹2,061.00","₹1,474.00",₹899.00
0,2021-03-22 18:34:40,₹226.00,₹79.00,"₹2,061.00","₹1,474.00",₹899.00
0,2021-03-22 18:34:42,₹226.00,₹79.00,"₹2,061.00","₹1,474.00",₹899.00
0,2021-03-22 18:34:44,₹226.00,₹79.00,"₹2,061.00","₹1,474.00",₹899.00
0,2021-03-22 18:34:45,₹226.00,₹79.00,"₹2,061.00","₹1,474.00",₹899.00
0,2021-03-22 18:34:47,₹226.00,₹79.00,"₹2,061.00","₹1,474.00",₹899.00
0,2021-03-22 18:34:48,₹226.00,₹79.00,"₹2,061.00","₹1,474.00",₹899.00
0,2021-03-22 18:34:51,₹226.00,₹79.00,"₹2,061.00","₹1,474.00",₹899.00
0,2021-03-22 18:34:51,₹226.00,₹79.00,"₹2,061.00","₹1,474.00",₹899.00
0,2021-03-22 18:34:54,₹226.00,₹79.00,"₹2,061.00","₹1,474.00",₹899.00
0,2021-03-22 18:34:55,₹226.00,₹79.00,"₹2,061.00","₹1,474.00",₹899.00
0,2021-03-22 18:34:58,₹226.00,₹79.00,"₹2,061.00","₹1,474.00",₹899.00
0,2021-03-22 18:34:58,₹226.00,₹79.00,"₹2,061.00","₹1,474.00",₹899.00
0,2021-03-22 18:35:01,₹226.00,₹79.00,"₹2,061.00","₹1,474.00",₹899.00
0,2021-03-22 18:35:02,₹226.00,₹79.00,"₹2,061.00","₹1,474.00",₹899.00
0,2021-03-22 18:35:04,₹226.00,₹79.00,"₹2,061.00","₹1,474.00",₹899.00
0,2021-03-22 18:35:07,₹226.00,₹79.00,"₹2,061.00","₹1,474.00",₹899.00
0,2021-03-22 18:35:08,₹226.00,₹79.00,"₹2,061.00","₹1,474.00",₹899.00
0,2021-03-22 18:35:10,₹226.00,₹79.00,"₹2,061.00","₹1,474.00",₹899.00
0,2021-03-22 18:35:11,₹226.00,₹79.00,"₹2,061.00","₹1,474.00",₹899.00
0,2021-03-22 18:35:14,₹226.00,₹79.00,"₹2,061.00","₹1,474.00",₹899.00
0,2021-03-22 18:35:16,₹226.00,₹79.00,"₹2,061.00","₹1,474.00",₹899.00
0,2021-03-22 18:35:17,₹226.00,₹79.00,"₹2,061.00","₹1,474.00",₹899.00
0,2021-03-22 18:35:19,₹226.00,₹79.00,"₹2,061.00","₹1,474.00",₹899.00
0,2021-03-22 18:35:20,₹226.00,₹79.00,"₹2,061.00","₹1,474.00",₹899.00
0,2021-03-22 18:35:23,₹226.00,₹79.00,"₹2,061.00","₹1,474.00",₹899.00
0,2021-03-22 18:35:24,₹226.00,₹79.00,"₹2,061.00","₹1,474.00",₹899.00
0,2021-03-22 18:35:26,₹226.00,₹79.00,"₹2,061.00","₹1,474.00",₹899.00
0,2021-03-22 18:35:27,₹226.00,₹79.00,"₹2,061.00","₹1,474.00",₹899.00
0,2021-03-22 18:35:30,₹226.00,₹79.00,"₹2,061.00","₹1,474.00",₹899.00
0,2021-03-22 18:35:31,₹226.00,₹79.00,"₹2,061.00","₹1,474.00",₹899.00
0,2021-03-22 18:35:34,₹226.00,₹79.00,"₹2,061.00","₹1,474.00",₹899.00
0,2021-03-22 18:35:35,₹226.00,₹79.00,"₹2,061.00","₹1,474.00",₹899.00
0,2021-03-22 18:35:37,₹226.00,₹79.00,"₹2,061.00","₹1,474.00",₹899.00
0,2021-03-22 18:35:39,₹226.00,₹79.00,"₹2,061.00","₹1,474.00",₹899.00
0,2021-03-22 18:35:40,₹226.00,₹79.00,"₹2,061.00","₹1,474.00",₹899.00
0,2021-03-22 18:35:42,₹226.00,₹79.00,"₹2,061.00","₹1,474.00",₹899.00
0,2021-03-22 18:35:43,₹226.00,₹79.00,"₹2,061.00","₹1,474.00",₹899.00
0,2021-03-22 18:35:46,₹226.00,₹79.00,"₹2,061.00","₹1,474.00",₹899.00
0,2021-03-22 18:35:47,₹226.00,₹79.00,"₹2,061.00","₹1,474.00",₹899.00
0,2021-03-22 18:35:49,₹226.00,₹79.00,"₹2,061.00","₹1,474.00",₹899.00
0,2021-03-22 18:35:50,₹226.00,₹79.00,"₹2,061.00","₹1,474.00",₹899.00
0,2021-03-22 18:35:53,₹226.00,₹79.00,"₹2,061.00","₹1,474.00",₹899.00
0,2021-03-22 18:35:53,₹226.00,₹79.00,"₹2,061.00","₹1,474.00",₹899.00
0,2021-03-22 18:35:56,₹226.00,₹79.00,"₹2,061.00","₹1,474.00",₹899.00
0,2021-03-22 18:35:56,₹226.00,₹79.00,"₹2,061.00","₹1,474.00",₹899.00
0,2021-03-22 18:36:00,₹226.00,₹79.00,"₹2,061.00","₹1,474.00",₹899.00
0,2021-03-22 18:36:00,₹226.00,₹79.00,"₹2,061.00","₹1,474.00",₹899.00
0,2021-03-22 18:36:03,₹226.00,₹79.00,"₹2,061.00","₹1,474.00",₹899.00
0,2021-03-22 18:36:03,₹226.00,₹79.00,"₹2,061.00","₹1,474.00",₹899.00
0,2021-03-22 18:36:07,₹226.00,₹79.00,"₹2,061.00","₹1,474.00",₹899.00
0,2021-03-22 18:36:07,₹226.00,₹79.00,"₹2,061.00","₹1,474.00",₹899.00
0,2021-03-22 18:36:11,₹226.00,₹79.00,"₹2,061.00","₹1,474.00",₹899.00
0,2021-03-22 18:36:11,₹226.00,₹79.00,"₹2,061.00","₹1,474.00",₹899.00
0,2021-03-22 18:36:14,₹226.00,₹79.00,"₹2,061.00","₹1,474.00",₹899.00
0,2021-03-22 18:36:15,₹226.00,₹79.00,"₹2,061.00","₹1,474.00",₹899.00
0,2021-03-22 18:36:18,₹226.00,₹79.00,"₹2,061.00","₹1,474.00",₹899.00
0,2021-03-22 18:36:18,₹226.00,₹79.00,"₹2,061.00","₹1,474.00",₹899.00
